<?xml version="1.0" encoding="UTF-8"?>
<project-private xmlns="http://www.netbeans.org/ns/project-private/1">
    <editor-bookmarks xmlns="http://www.netbeans.org/ns/editor-bookmarks/2" lastBookmarkId="0"/>
    <open-files xmlns="http://www.netbeans.org/ns/projectui-open-files/2">
        <group>
            <file>file:/C:/Users/yuxnel/Documents/NetBeansProjects/Ferreteria_Coinco/src/View/Gestion_Contador.java</file>
            <file>file:/C:/Users/yuxnel/Documents/NetBeansProjects/Ferreteria_Coinco/src/Model/StockProducto.java</file>
            <file>file:/C:/Users/yuxnel/Documents/NetBeansProjects/Ferreteria_Coinco/src/View/Catalogo_Productos.java</file>
            <file>file:/C:/Users/yuxnel/Documents/NetBeansProjects/Ferreteria_Coinco/src/View/Gestion_Productos.java</file>
            <file>file:/C:/Users/yuxnel/Documents/NetBeansProjects/Ferreteria_Coinco/src/View/Menu_Cotizacion.java</file>
            <file>file:/C:/Users/yuxnel/Documents/NetBeansProjects/Ferreteria_Coinco/src/Model/Cliente.java</file>
            <file>file:/C:/Users/yuxnel/Documents/NetBeansProjects/Ferreteria_Coinco/src/Model/Usuario.java</file>
            <file>file:/C:/Users/yuxnel/Documents/NetBeansProjects/Ferreteria_Coinco/src/View/Gestion_Administrador.java</file>
            <file>file:/C:/Users/yuxnel/Documents/NetBeansProjects/Ferreteria_Coinco/src/Model/CuadernoAnotaciones.java</file>
            <file>file:/C:/Users/yuxnel/Documents/NetBeansProjects/Ferreteria_Coinco/src/View/Menu_Gerente.java</file>
            <file>file:/C:/Users/yuxnel/Documents/NetBeansProjects/Ferreteria_Coinco/src/Controller/Proyecto_DPOO.java</file>
            <file>file:/C:/Users/yuxnel/Documents/NetBeansProjects/Ferreteria_Coinco/src/View/Menu_Invitado.java</file>
            <file>file:/C:/Users/yuxnel/Documents/NetBeansProjects/Ferreteria_Coinco/src/View/Gestion_Informe.java</file>
            <file>file:/C:/Users/yuxnel/Documents/NetBeansProjects/Ferreteria_Coinco/src/View/Gestion_Proveedores.java</file>
            <file>file:/C:/Users/yuxnel/Documents/NetBeansProjects/Ferreteria_Coinco/src/Model/Contador.java</file>
            <file>file:/C:/Users/yuxnel/Documents/NetBeansProjects/Ferreteria_Coinco/src/Controller/GuardarDatos.java</file>
            <file>file:/C:/Users/yuxnel/Documents/NetBeansProjects/Ferreteria_Coinco/src/View/Gestion_StockProducto.java</file>
            <file>file:/C:/Users/yuxnel/Documents/NetBeansProjects/Ferreteria_Coinco/src/Model/Producto.java</file>
            <file>file:/C:/Users/yuxnel/Documents/NetBeansProjects/Ferreteria_Coinco/src/Model/LibroContable.java</file>
            <file>file:/C:/Users/yuxnel/Documents/NetBeansProjects/Ferreteria_Coinco/src/Model/Informe.java</file>
            <file>file:/C:/Users/yuxnel/Documents/NetBeansProjects/Ferreteria_Coinco/src/View/Menu_Administrador.java</file>
            <file>file:/C:/Users/yuxnel/Documents/NetBeansProjects/Ferreteria_Coinco/src/View/Menu_Cliente.java</file>
            <file>file:/C:/Users/yuxnel/Documents/NetBeansProjects/Ferreteria_Coinco/src/Model/Administrador.java</file>
            <file>file:/C:/Users/yuxnel/Documents/NetBeansProjects/Ferreteria_Coinco/src/Model/Proveedor.java</file>
            <file>file:/C:/Users/yuxnel/Documents/NetBeansProjects/Ferreteria_Coinco/src/View/Gestion_Cliente.java</file>
            <file>file:/C:/Users/yuxnel/Documents/NetBeansProjects/Ferreteria_Coinco/src/View/Login.java</file>
            <file>file:/C:/Users/yuxnel/Documents/NetBeansProjects/Ferreteria_Coinco/src/Model/Gerente.java</file>
        </group>
    </open-files>
</project-private>
